{"0": {"x": 0.8250000000000001, "y": 9.75}, "3": {"x": 10.4, "y": -0.29}, "2": {"x": 0.3, "y": 7.225}, "4": {"x": -1.65, "y": 7.449999999999999}, "1": {"x": 8.6, "y": 2.533333333333333}}