{"0": {"x": 0.30000000000000004, "y": 7.225}, "4": {"x": 10.399999999999999, "y": -0.2899999999999999}, "2": {"x": 8.6, "y": 2.533333333333333}, "3": {"x": -1.65, "y": 7.45}, "1": {"x": 0.8250000000000001, "y": 9.75}}