{"1": {"x": -6.78052722930575, "y": -5.532439581903664}, "4": {"x": -5.9824883781012845, "y": 4.705794814820134}, "0": {"x": 4.777633651838489, "y": 6.7538737123371835}, "3": {"x": -0.644407073923503, "y": -1.5605519097965346}, "2": {"x": 6.42899368057517, "y": -4.091560546224868}}