{"0": {"x": 0.3, "y": 7.225}, "3": {"x": 8.657142857142858, "y": 2.7142857142857144}, "1": {"x": 0.8250000000000001, "y": 9.75}, "4": {"x": 10.066666666666668, "y": 0.075}, "2": {"x": -1.6500000000000001, "y": 7.449999999999999}}