{"0": {"x": 201.6966, "y": 195.209}, "1": {"x": 184.1036, "y": 210.91680000000002}, "2": {"x": -4.865141666666667, "y": -2.7530166666666673}}