{
    "2": [
        -1.65,
        7.45
    ],
    "0": [
        0.30000000000000004,
        7.225
    ],
    "4": [
        10.066666666666666,
        0.07499999999999997
    ]
}