{
    "0": [
        0.3,
        7.225
    ],
    "2": [
        -1.65,
        7.449999999999999
    ],
    "4": [
        10.066666666666666,
        0.07499999999999998
    ]
}