{
    "0": [
        0.30000000000000004,
        7.225
    ],
    "4": [
        10.399999999999999,
        -0.2899999999999999
    ],
    "2": [
        8.6,
        2.533333333333333
    ]
}