{
    "1": [
        0.8250000000000001,
        9.75
    ],
    "3": [
        8.657142857142857,
        2.7142857142857144
    ]
}