{
    "4": [
        -1.6500000000000001,
        7.449999999999999
    ],
    "1": [
        8.6,
        2.533333333333333
    ]
}